id,plataforma,cidade,bairro,titulo,preco_aluguel,quartos,area_m2,status,data_descoberta,data_atualizacao,link
olx_ind_de86ab41eb,OLX,Salvador,Centro,Imóveis para alugar,0.0,3,120.0,ativo,2026-06-29,2026-06-29,https://www.olx.com.br/imoveis/aluguel/estado-ba/grande-salvador/salvador/centro
olx_ind_8d4c4055ae,OLX,Salvador,Brotas,Casas para alugar,0.0,3,120.0,ativo,2026-06-29,2026-06-29,https://www.olx.com.br/imoveis/aluguel/casas/estado-ba/grande-salvador/salvador/brotas
olx_ind_181295c46a,OLX,Salvador,Brotas,Imóveis com 1 quarto para alugar,0.0,3,120.0,ativo,2026-06-29,2026-06-29,https://www.olx.com.br/imoveis/aluguel/1-quarto/estado-ba/grande-salvador/salvador/campinas-de-brotas
olx_ind_4b475ac22c,OLX,Lauro de Freitas,Buraquinho,Casas para alugar,0.0,3,120.0,ativo,2026-06-29,2026-06-29,https://www.olx.com.br/imoveis/aluguel/casas/estado-ba/grande-salvador/grande-salvador/lauro-de-freitas
olx_ind_74171d5e13,OLX,Lauro de Freitas,Buraquinho,Imóveis para alugar,0.0,3,120.0,ativo,2026-06-29,2026-06-29,https://www.olx.com.br/imoveis/aluguel/estado-ba/grande-salvador/grande-salvador/lauro-de-freitas
olx_ind_41c15c6532,OLX,Lauro de Freitas,Buraquinho,casas para alugar em lauro de freitas com piscina,5350.0,3,120.0,ativo,2026-06-29,2026-06-29,https://www.olx.com.br/anuncios/casas-para-alugar-em-lauro-de-freitas-com-piscina
olx_ind_353d4b2604,OLX,Lauro de Freitas,Buraquinho,condomínios em lauro de freitas para alugar,5350.0,3,120.0,ativo,2026-06-29,2026-06-29,https://www.olx.com.br/anuncios/condominios-em-lauro-de-freitas-para-alugar
olx_ind_18ebc9ee09,OLX,Santo Amaro,Geral,Casas com 2 quartos à venda,75000.0,3,120.0,ativo,2026-06-29,2026-06-29,https://www.olx.com.br/imoveis/venda/casas/2-quartos/estado-ba/regiao-de-feira-de-santana-e-alagoinhas/santo-amaro
olx_ind_f3331c1448,OLX,Santo Amaro,Geral,Imóveis,0.0,3,120.0,ativo,2026-06-29,2026-06-29,https://www.olx.com.br/imoveis/estado-ba/regiao-de-feira-de-santana-e-alagoinhas/santo-amaro
olx_ind_e2e3ce19d6,OLX,Santo Amaro,Geral,"""santo amaro bahia"" no Brasil",350.0,3,120.0,ativo,2026-06-29,2026-06-29,https://www.olx.com.br/anuncios/santo-amaro-bahia
olx_ind_41931e3cfa,OLX,Santo Amaro,Geral,Imóveis para alugar,0.0,3,120.0,ativo,2026-06-29,2026-06-29,https://www.olx.com.br/imoveis/aluguel/estado-ba/regiao-de-feira-de-santana-e-alagoinhas/santo-amaro
olx_ind_9c8aa92164,OLX,Santo Amaro,Geral,Casas para alugar,700.0,3,120.0,ativo,2026-06-29,2026-06-29,https://www.olx.com.br/imoveis/aluguel/casas/estado-ba/regiao-de-feira-de-santana-e-alagoinhas/acupe-santo-amaro
olx_ind_8c77b60290,OLX,Salvador,Brotas,Imóveis,0.0,3,120.0,ativo,2026-06-29,2026-06-29,https://www.olx.com.br/imoveis/estado-ba/grande-salvador/salvador/campinas-de-brotas
olx_ind_4b200fcc96,OLX,Lauro de Freitas,Geral,Imóveis com 2 quartos para alugar,0.0,3,120.0,ativo,2026-06-29,2026-06-29,https://www.olx.com.br/imoveis/aluguel/2-quartos/estado-ba/grande-salvador/grande-salvador/lauro-de-freitas
olx_ind_3644e13699,OLX,Santo Amaro,Geral,Imóveis para alugar,0.0,3,120.0,ativo,2026-06-29,2026-06-29,https://www.olx.com.br/imoveis/aluguel/piscina/estado-ba/regiao-de-feira-de-santana-e-alagoinhas/santo-amaro
olx_ind_afebb91ecb,OLX,Santo Amaro,Geral,Quartos para alugar,0.0,3,120.0,ativo,2026-06-29,2026-06-29,https://www.olx.com.br/imoveis/aluguel/aluguel-de-quartos/estado-ba/regiao-de-feira-de-santana-e-alagoinhas/santo-amaro
olx_ind_068b9d78f8,OLX,Salvador,Geral,Imóveis para alugar,0.0,3,120.0,ativo,2026-06-29,2026-06-29,https://www.olx.com.br/imoveis/aluguel/estado-ba/grande-salvador/salvador/bonfim
olx_ind_2b8889416e,OLX,Salvador,Boca do Rio,Imóveis para alugar,0.0,3,120.0,ativo,2026-06-29,2026-06-29,https://www.olx.com.br/imoveis/aluguel/estado-ba/grande-salvador/salvador/boca-do-rio
olx_ind_0d4cedf6ea,OLX,Salvador,Geral,Imóveis para alugar,0.0,3,120.0,ativo,2026-06-29,2026-06-29,https://www.olx.com.br/imoveis/aluguel/estado-ba/grande-salvador/salvador/sao-caetano
olx_ind_969d112e40,OLX,Salvador,Brotas,Imóveis com 3 quartos para alugar,4700.0,3,120.0,ativo,2026-06-29,2026-06-29,https://www.olx.com.br/imoveis/aluguel/3-quartos/estado-ba/grande-salvador/salvador/brotas
olx_ind_31dce99ea5,OLX,Santo Amaro,Geral,Casa de vila com 3 quartos para alugar,2800.0,3,120.0,ativo,2026-06-29,2026-06-29,https://www.olx.com.br/imoveis/aluguel/casas-de-vila/3-quartos/estado-ba/regiao-de-feira-de-santana-e-alagoinhas/campinhos-santo-amaro
olx_casa_166cade1ab,OLX,Salvador,Cabula,"Casas com 3 quartos para alugar - Cabula Vi, Salvador - BA",1300.0,3,120.0,ativo,2026-06-28,2026-06-28,https://www.olx.com.br/imoveis/aluguel/casas/3-quartos/estado-ba/grande-salvador/salvador/cabula-vi
olx_casa_8d4c4055ae,OLX,Salvador,Brotas,"Casas para alugar - Brotas, Salvador - BA",0.0,3,120.0,ativo,2026-06-28,2026-06-28,https://www.olx.com.br/imoveis/aluguel/casas/estado-ba/grande-salvador/salvador/brotas
olx_casa_fb4d609adf,OLX,Salvador,Cabula,"Casas para alugar - Cabula Vi, Salvador - BA",0.0,3,120.0,ativo,2026-06-28,2026-06-28,https://www.olx.com.br/imoveis/aluguel/casas/estado-ba/grande-salvador/salvador/cabula-vi
olx_casa_489cc8806a,OLX,Salvador,Cabula,"Imóveis com 2 quartos para alugar - Cabula, Salvador - BA",3000.0,3,120.0,ativo,2026-06-28,2026-06-28,https://www.olx.com.br/imoveis/aluguel/2-quartos/estado-ba/grande-salvador/salvador/cabula
olx_casa_4b475ac22c,OLX,Lauro de Freitas,Buraquinho,"Casas para alugar - Lauro de Freitas, Grande Salvador - BA",0.0,3,120.0,ativo,2026-06-28,2026-06-28,https://www.olx.com.br/imoveis/aluguel/casas/estado-ba/grande-salvador/grande-salvador/lauro-de-freitas
olx_casa_353d4b2604,OLX,Lauro de Freitas,Buraquinho,condomínios em lauro de freitas para alugar,0.0,3,120.0,ativo,2026-06-28,2026-06-28,https://www.olx.com.br/anuncios/condominios-em-lauro-de-freitas-para-alugar
olx_casa_41c15c6532,OLX,Lauro de Freitas,Buraquinho,casas para alugar em lauro de freitas com piscina,5350.0,3,120.0,ativo,2026-06-28,2026-06-28,https://www.olx.com.br/anuncios/casas-para-alugar-em-lauro-de-freitas-com-piscina
olx_casa_194c8e8b21,OLX,Lauro de Freitas,Vilas do Atlântico,"Imóveis com 3 quartos para alugar - Lauro de Freitas, Grande ...",16000.0,3,120.0,ativo,2026-06-28,2026-06-28,https://www.olx.com.br/imoveis/aluguel/3-quartos/mobiliado/estado-ba/grande-salvador/grande-salvador/lauro-de-freitas
olx_casa_e72068cd1f,OLX,Lauro de Freitas,Geral,"Imóveis com 3 quartos para alugar - Lauro de Freitas, Grande ...",0.0,3,120.0,ativo,2026-06-28,2026-06-28,https://www.olx.com.br/imoveis/aluguel/3-quartos/estado-ba/grande-salvador/grande-salvador/lauro-de-freitas
olx_casa_c68ca5e197,OLX,Santo Amaro,Geral,"Casas à venda - Santo Amaro, BA",0.0,3,120.0,ativo,2026-06-28,2026-06-28,https://www.olx.com.br/imoveis/venda/casas/estado-ba/regiao-de-feira-de-santana-e-alagoinhas/santo-amaro
olx_casa_e2e3ce19d6,OLX,Santo Amaro,Geral,"""santo amaro bahia"" no Brasil",350.0,3,120.0,ativo,2026-06-28,2026-06-28,https://www.olx.com.br/anuncios/santo-amaro-bahia
olx_casa_18ebc9ee09,OLX,Santo Amaro,Geral,"Casas com 2 quartos à venda - Santo Amaro, BA",75000.0,3,120.0,ativo,2026-06-28,2026-06-28,https://www.olx.com.br/imoveis/venda/casas/2-quartos/estado-ba/regiao-de-feira-de-santana-e-alagoinhas/santo-amaro
olx_casa_c8626ea08f,OLX,Santo Amaro,Geral,"Imóveis para alugar - Santo Amaro, Recife - PE",9000.0,3,120.0,ativo,2026-06-28,2026-06-28,https://www.olx.com.br/imoveis/aluguel/estado-pe/grande-recife/recife/santo-amaro
olx_casa_23578e0034,OLX,Camaçari,Busca Vida,"Casas para alugar - Camaçari, Grande Salvador - BA",17000.0,3,120.0,ativo,2026-06-28,2026-06-28,https://www.olx.com.br/imoveis/aluguel/casas/estado-ba/grande-salvador/grande-salvador/camacari
olx_casa_b605a23ae9,OLX,Camaçari,Busca Vida,"Imóveis para alugar - Camaçari, Grande Salvador - BA",17000.0,3,120.0,ativo,2026-06-28,2026-06-28,https://www.olx.com.br/imoveis/aluguel/estado-ba/grande-salvador/grande-salvador/camacari
olx_casa_a500f3a4c4,OLX,Camaçari,Centro,"Casas com 5 ou mais quartos para alugar - Camaçari, Grande ...",6000.0,3,120.0,ativo,2026-06-28,2026-06-28,https://www.olx.com.br/imoveis/aluguel/casas/5-ou-mais-quartos/estado-ba/grande-salvador/grande-salvador/camacari
olx_casa_e7318998ba,OLX,Camaçari,Geral,"Casas com 3 quartos para alugar - Camaçari, Grande Salvador - BA",0.0,3,120.0,ativo,2026-06-28,2026-06-28,https://www.olx.com.br/imoveis/aluguel/casas/3-quartos/estado-ba/grande-salvador/grande-salvador/camacari
olx_casa_3b1b17b859,OLX,Camaçari,Busca Vida,"Casas com 2 quartos para alugar - Camaçari, Grande Salvador - BA",5500.0,3,120.0,ativo,2026-06-28,2026-06-28,https://www.olx.com.br/imoveis/aluguel/casas/2-quartos/estado-ba/grande-salvador/grande-salvador/camacari
olx_casa_25deceeb2e,OLX,Camaçari,Busca Vida,"Casas para alugar - Camaçari, Grande Salvador - BA",35000.0,3,120.0,ativo,2026-06-28,2026-06-28,https://www.olx.com.br/imoveis/aluguel/casas/churrasqueira/estado-ba/grande-salvador/grande-salvador/camacari
olx_casa_9c6f6e52f2,OLX,Camaçari,Barra,"Casa de praia, Jauá, próximo a Barraca da Oca - Temporada",0.0,3,120.0,ativo,2026-06-28,2026-06-28,https://ba.olx.com.br/grande-salvador/temporada/casa-de-praia-jaua-proximo-a-barraca-da-oca-1496462706
olx_casa_8a9913d81a,OLX,Camaçari,Busca Vida,"Casa de condomínio com 2 quartos para alugar - Camaçari, Grande ...",5500.0,3,120.0,ativo,2026-06-28,2026-06-28,https://www.olx.com.br/imoveis/aluguel/casas/casas-de-condominio/2-quartos/estado-ba/grande-salvador/grande-salvador/camacari
olx_casa_be5618230c,OLX,Lauro de Freitas,Geral,"Casas com 3 quartos para alugar - Lauro de Freitas, Grande Salvador",0.0,3,120.0,ativo,2026-06-28,2026-06-28,https://www.olx.com.br/imoveis/aluguel/casas/3-quartos/estado-ba/grande-salvador/grande-salvador/lauro-de-freitas
olx_casa_31359f6492,OLX,Lauro de Freitas,Vilas do Atlântico,"Casas com 2 quartos para alugar - Lauro de Freitas, Grande Salvador",5000.0,3,120.0,ativo,2026-06-28,2026-06-28,https://www.olx.com.br/imoveis/aluguel/casas/2-quartos/estado-ba/grande-salvador/grande-salvador/lauro-de-freitas
olx_casa_191e90fbc1,OLX,Lauro de Freitas,Buraquinho,"Casas com 4 quartos para alugar - Lauro de Freitas, Grande Salvador",4700.0,3,120.0,ativo,2026-06-28,2026-06-28,https://www.olx.com.br/imoveis/aluguel/casas/4-quartos/estado-ba/grande-salvador/grande-salvador/lauro-de-freitas
olx_casa_41931e3cfa,OLX,Santo Amaro,Geral,"Imóveis para alugar - Santo Amaro, BA",0.0,3,120.0,ativo,2026-06-28,2026-06-28,https://www.olx.com.br/imoveis/aluguel/estado-ba/regiao-de-feira-de-santana-e-alagoinhas/santo-amaro
olx_casa_1369f00d2e,OLX,Camaçari,Jauá,"""aluguel de casas em jauá com piscina"" - Casas para alugar no Brasil",350.0,3,120.0,ativo,2026-06-28,2026-06-28,https://www.olx.com.br/anuncios/aluguel-de-casas-em-jaua-com-piscina
olx_casa_57efac1db4,OLX,Camaçari,Jauá,"Encontramos ""casas em jauá para alugar com piscina""",350.0,3,120.0,ativo,2026-06-28,2026-06-28,https://www.olx.com.br/anuncios/casas-em-jaua-para-alugar-com-piscina
olx_casa_2581ead684,OLX,Camaçari,Geral,"Casas com 2 quartos para alugar - Camaçari, Grande Salvador - BA",500.0,3,120.0,ativo,2026-06-28,2026-06-28,https://www.olx.com.br/imoveis/aluguel/casas/2-quartos/mobiliado/estado-ba/grande-salvador/grande-salvador/camacari
olx_casa_704f200b3b,OLX,Salvador,Cabula,"Casas para alugar - Cabula Vi, Salvador - BA",5500.0,3,120.0,ativo,2026-06-28,2026-06-28,https://www.olx.com.br/imoveis/aluguel/casas/churrasqueira/estado-ba/grande-salvador/salvador/cabula-vi
olx_4b475ac22c,OLX,Lauro de Freitas,Geral,Casas para alugar,0.0,3,120.0,ativo,2026-06-28,2026-06-28,https://www.olx.com.br/imoveis/aluguel/casas/estado-ba/grande-salvador/grande-salvador/lauro-de-freitas
olx_e72068cd1f,OLX,Lauro de Freitas,Geral,Imóveis com 3 quartos para alugar,0.0,3,120.0,ativo,2026-06-28,2026-06-28,https://www.olx.com.br/imoveis/aluguel/3-quartos/estado-ba/grande-salvador/grande-salvador/lauro-de-freitas
olx_41c15c6532,OLX,Lauro de Freitas,Buraquinho,casas para alugar em lauro de freitas com piscina,5850.0,3,120.0,ativo,2026-06-28,2026-06-28,https://www.olx.com.br/anuncios/casas-para-alugar-em-lauro-de-freitas-com-piscina
olx_c68ca5e197,OLX,Santo Amaro,Geral,Casas à venda,0.0,3,120.0,ativo,2026-06-28,2026-06-28,https://www.olx.com.br/imoveis/venda/casas/estado-ba/regiao-de-feira-de-santana-e-alagoinhas/santo-amaro
olx_e2e3ce19d6,OLX,Santo Amaro,Geral,"""santo amaro bahia"" no Brasil",350.0,3,120.0,ativo,2026-06-28,2026-06-28,https://www.olx.com.br/anuncios/santo-amaro-bahia
olx_18ebc9ee09,OLX,Santo Amaro,Geral,Casas com 2 quartos à venda,75000.0,3,120.0,ativo,2026-06-28,2026-06-28,https://www.olx.com.br/imoveis/venda/casas/2-quartos/estado-ba/regiao-de-feira-de-santana-e-alagoinhas/santo-amaro
olx_8621ce65a7,OLX,Santo Amaro,Geral,Casas para alugar,0.0,3,120.0,ativo,2026-06-28,2026-06-28,https://www.olx.com.br/imoveis/aluguel/casas/estado-ba/regiao-de-feira-de-santana-e-alagoinhas/saubara
olx_c8626ea08f,OLX,Santo Amaro,Geral,Imóveis para alugar,9000.0,3,120.0,ativo,2026-06-28,2026-06-28,https://www.olx.com.br/imoveis/aluguel/estado-pe/grande-recife/recife/santo-amaro
olx_b605a23ae9,OLX,Camaçari,Abrantes,Imóveis para alugar,4200.0,3,120.0,ativo,2026-06-28,2026-06-28,https://www.olx.com.br/imoveis/aluguel/estado-ba/grande-salvador/grande-salvador/camacari
olx_3662f04a6a,OLX,Camaçari,Abrantes,"""condomínios em camaçari para alugar""",0.0,3,120.0,ativo,2026-06-28,2026-06-28,https://www.olx.com.br/anuncios/condominios-em-camacari-para-alugar
olx_94186ce18e,OLX,Camaçari,Barra,Casa para temporada,499.0,3,120.0,ativo,2026-06-28,2026-06-28,https://www.olx.com.br/imoveis/temporada/casas/estado-ba/grande-salvador/grande-salvador/camacari
olx_650bd622bf,OLX,Camaçari,Geral,casas para alugar em condomínios fechado em camaçari,13000.0,3,120.0,ativo,2026-06-28,2026-06-28,https://www.olx.com.br/anuncios/casas-para-alugar-em-condominios-fechado-em-camacari
olx_656fc1b751,OLX,Camaçari,Geral,Casa de condomínio para alugar,0.0,3,120.0,ativo,2026-06-28,2026-06-28,https://www.olx.com.br/imoveis/aluguel/casas/casas-de-condominio/estado-ba/regiao-de-vitoria-da-conquista-e-barreiras/parafuso-camacari
olx_23578e0034,OLX,Camaçari,Geral,Casas para alugar,0.0,3,120.0,ativo,2026-06-28,2026-06-28,https://www.olx.com.br/imoveis/aluguel/casas/estado-ba/grande-salvador/grande-salvador/camacari
olx_3b1b17b859,OLX,Camaçari,Geral,Casas com 2 quartos para alugar,0.0,3,120.0,ativo,2026-06-28,2026-06-28,https://www.olx.com.br/imoveis/aluguel/casas/2-quartos/estado-ba/grande-salvador/grande-salvador/camacari
olx_234522562c,OLX,Camaçari,Busca Vida,Imóveis com 4 quartos para alugar,3000.0,3,120.0,ativo,2026-06-28,2026-06-28,https://www.olx.com.br/imoveis/aluguel/4-quartos/estado-ba/grande-salvador/grande-salvador/camacari
olx_2b3a684449,OLX,Camaçari,Abrantes,Imóveis com 3 quartos para alugar,4200.0,3,120.0,ativo,2026-06-28,2026-06-28,https://www.olx.com.br/imoveis/aluguel/3-quartos/estado-ba/grande-salvador/grande-salvador/camacari
olx_d7d5140447,OLX,Camaçari,Geral,Casas com 1 quarto para alugar,0.0,3,120.0,ativo,2026-06-28,2026-06-28,https://www.olx.com.br/imoveis/aluguel/casas/1-quarto/estado-ba/grande-salvador/grande-salvador/camacari
olx_ind_d11af5ea88,OLX,Salvador,Geral,Imóveis para alugar,0.0,3,120.0,ativo,2026-06-28,2026-06-28,https://www.olx.com.br/imoveis/aluguel/estado-ba/grande-salvador
olx_ind_05b019012e,OLX,Salvador,Geral,Imóveis para alugar,0.0,3,120.0,ativo,2026-06-28,2026-06-28,https://www.olx.com.br/imoveis/aluguel/estado-ba/grande-salvador/salvador/liberdade
olx_ind_b6bfaea01f,OLX,Salvador,Geral,Imóveis para alugar,0.0,3,120.0,ativo,2026-06-28,2026-06-28,https://www.olx.com.br/imoveis/aluguel/estado-ba/grande-salvador/salvador/ribeira
olx_ind_e1934bc647,OLX,Salvador,Geral,Imóveis para alugar,0.0,3,120.0,ativo,2026-06-28,2026-06-28,https://www.olx.com.br/imoveis/aluguel/estado-ba/grande-salvador/salvador/mussurunga
olx_ind_bbe049baf6,OLX,Salvador,Brotas,Imóveis com 1 quarto para alugar,400.0,3,120.0,ativo,2026-06-28,2026-06-28,https://www.olx.com.br/imoveis/aluguel/1-quarto/estado-ba/grande-salvador/salvador/brotas
olx_ind_31359f6492,OLX,Lauro de Freitas,Vilas do Atlântico,Casas com 2 quartos para alugar,5000.0,3,120.0,ativo,2026-06-28,2026-06-28,https://www.olx.com.br/imoveis/aluguel/casas/2-quartos/estado-ba/grande-salvador/grande-salvador/lauro-de-freitas
olx_ind_be5618230c,OLX,Lauro de Freitas,Geral,Casas com 3 quartos para alugar,0.0,3,120.0,ativo,2026-06-28,2026-06-28,https://www.olx.com.br/imoveis/aluguel/casas/3-quartos/estado-ba/grande-salvador/grande-salvador/lauro-de-freitas
olx_ind_191e90fbc1,OLX,Lauro de Freitas,Buraquinho,Casas com 4 quartos para alugar,4700.0,3,120.0,ativo,2026-06-28,2026-06-28,https://www.olx.com.br/imoveis/aluguel/casas/4-quartos/estado-ba/grande-salvador/grande-salvador/lauro-de-freitas
olx_ind_f50b1ea929,OLX,Lauro de Freitas,Vilas do Atlântico,Imóveis para temporada,750.0,3,120.0,ativo,2026-06-28,2026-06-28,https://www.olx.com.br/imoveis/temporada/estado-ba/grande-salvador/grande-salvador/lauro-de-freitas
olx_ind_5147697c3e,OLX,Lauro de Freitas,Vilas do Atlântico,Casas com 1 quarto para alugar,1800.0,3,120.0,ativo,2026-06-28,2026-06-28,https://www.olx.com.br/imoveis/aluguel/casas/1-quarto/estado-ba/grande-salvador/grande-salvador/lauro-de-freitas
olx_ind_12f2fb24f1,OLX,Lauro de Freitas,Buraquinho,"Casas para alugar em Buraquinho, Lauro de Freitas",0.0,3,120.0,ativo,2026-06-28,2026-06-28,https://www.vivareal.com.br/aluguel/bahia/lauro-de-freitas/bairros/buraquinho/casa_residencial/
olx_ind_c68ca5e197,OLX,Santo Amaro,Geral,Casas à venda,0.0,3,120.0,ativo,2026-06-28,2026-06-28,https://www.olx.com.br/imoveis/venda/casas/estado-ba/regiao-de-feira-de-santana-e-alagoinhas/santo-amaro
olx_ind_a24eaed455,OLX,Santo Amaro,Geral,Sítios e chácaras para alugar,600.0,3,120.0,ativo,2026-06-28,2026-06-28,https://www.olx.com.br/imoveis/terrenos/sitios-e-chacaras/aluguel/estado-ba/regiao-de-feira-de-santana-e-alagoinhas/santo-amaro
olx_ind_a7ea7b2936,OLX,Santo Amaro,Geral,1.498 Casas para alugar em Santo Amaro,1030.0,3,120.0,ativo,2026-06-28,2026-06-28,https://imoveis.mitula.com.br/imoveis/aluguel-casas-santo-amaro
olx_ind_4ae10a1130,OLX,Salvador,Geral,Imóveis para alugar,0.0,3,120.0,ativo,2026-06-28,2026-06-28,https://www.olx.com.br/imoveis/aluguel/estado-ba/grande-salvador/salvador/uruguai
olx_ind_e72068cd1f,OLX,Lauro de Freitas,Geral,Imóveis com 3 quartos para alugar,0.0,3,120.0,ativo,2026-06-28,2026-06-28,https://www.olx.com.br/imoveis/aluguel/3-quartos/estado-ba/grande-salvador/grande-salvador/lauro-de-freitas
