id,plataforma,cidade,bairro,titulo,preco_aluguel,quartos,area_m2,status,data_descoberta,data_atualizacao,link
olx_casa_1f2f0f545b,OLX,Salvador,Geral,"Casas para alugar - Salvador, BA",0.0,3,120.0,ativo,2026-06-28,2026-06-28,https://www.olx.com.br/imoveis/aluguel/casas/estado-ba/grande-salvador/salvador
olx_casa_166cade1ab,OLX,Salvador,Cabula,"Casas com 3 quartos para alugar - Cabula Vi, Salvador - BA",1300.0,3,120.0,ativo,2026-06-28,2026-06-28,https://www.olx.com.br/imoveis/aluguel/casas/3-quartos/estado-ba/grande-salvador/salvador/cabula-vi
olx_casa_8d4c4055ae,OLX,Salvador,Brotas,"Casas para alugar - Brotas, Salvador - BA",0.0,3,120.0,ativo,2026-06-28,2026-06-28,https://www.olx.com.br/imoveis/aluguel/casas/estado-ba/grande-salvador/salvador/brotas
olx_casa_fb4d609adf,OLX,Salvador,Cabula,"Casas para alugar - Cabula Vi, Salvador - BA",0.0,3,120.0,ativo,2026-06-28,2026-06-28,https://www.olx.com.br/imoveis/aluguel/casas/estado-ba/grande-salvador/salvador/cabula-vi
olx_casa_489cc8806a,OLX,Salvador,Cabula,"Imóveis com 2 quartos para alugar - Cabula, Salvador - BA",3000.0,3,120.0,ativo,2026-06-28,2026-06-28,https://www.olx.com.br/imoveis/aluguel/2-quartos/estado-ba/grande-salvador/salvador/cabula
olx_casa_176cb79342,OLX,Salvador,Pituba,"Casas para alugar - Pituba, Salvador - BA",14453.0,3,120.0,ativo,2026-06-28,2026-06-28,https://www.olx.com.br/imoveis/aluguel/casas/estado-ba/grande-salvador/salvador/pituba
olx_casa_4b475ac22c,OLX,Lauro de Freitas,Buraquinho,"Casas para alugar - Lauro de Freitas, Grande Salvador - BA",0.0,3,120.0,ativo,2026-06-28,2026-06-28,https://www.olx.com.br/imoveis/aluguel/casas/estado-ba/grande-salvador/grande-salvador/lauro-de-freitas
olx_casa_353d4b2604,OLX,Lauro de Freitas,Buraquinho,condomínios em lauro de freitas para alugar,0.0,3,120.0,ativo,2026-06-28,2026-06-28,https://www.olx.com.br/anuncios/condominios-em-lauro-de-freitas-para-alugar
olx_casa_41c15c6532,OLX,Lauro de Freitas,Buraquinho,casas para alugar em lauro de freitas com piscina,5350.0,3,120.0,ativo,2026-06-28,2026-06-28,https://www.olx.com.br/anuncios/casas-para-alugar-em-lauro-de-freitas-com-piscina
olx_casa_194c8e8b21,OLX,Lauro de Freitas,Vilas do Atlântico,"Imóveis com 3 quartos para alugar - Lauro de Freitas, Grande ...",16000.0,3,120.0,ativo,2026-06-28,2026-06-28,https://www.olx.com.br/imoveis/aluguel/3-quartos/mobiliado/estado-ba/grande-salvador/grande-salvador/lauro-de-freitas
olx_casa_e72068cd1f,OLX,Lauro de Freitas,Geral,"Imóveis com 3 quartos para alugar - Lauro de Freitas, Grande ...",0.0,3,120.0,ativo,2026-06-28,2026-06-28,https://www.olx.com.br/imoveis/aluguel/3-quartos/estado-ba/grande-salvador/grande-salvador/lauro-de-freitas
olx_casa_41931e3cfa,OLX,Santo Amaro,Geral,"Imóveis para alugar - Santo Amaro, BA",0.0,3,120.0,ativo,2026-06-28,2026-06-28,https://www.olx.com.br/imoveis/aluguel/estado-ba/regiao-de-feira-de-santana-e-alagoinhas/santo-amaro
olx_casa_18ebc9ee09,OLX,Santo Amaro,Geral,"Casas com 2 quartos à venda - Santo Amaro, BA",75000.0,3,120.0,ativo,2026-06-28,2026-06-28,https://www.olx.com.br/imoveis/venda/casas/2-quartos/estado-ba/regiao-de-feira-de-santana-e-alagoinhas/santo-amaro
olx_casa_e2e3ce19d6,OLX,Santo Amaro,Geral,"""santo amaro bahia"" no Brasil",350.0,3,120.0,ativo,2026-06-28,2026-06-28,https://www.olx.com.br/anuncios/santo-amaro-bahia
olx_casa_c68ca5e197,OLX,Santo Amaro,Geral,"Casas à venda - Santo Amaro, BA",0.0,3,120.0,ativo,2026-06-28,2026-06-28,https://www.olx.com.br/imoveis/venda/casas/estado-ba/regiao-de-feira-de-santana-e-alagoinhas/santo-amaro
olx_casa_c8626ea08f,OLX,Santo Amaro,Geral,"Imóveis para alugar - Santo Amaro, Recife - PE",9000.0,3,120.0,ativo,2026-06-28,2026-06-28,https://www.olx.com.br/imoveis/aluguel/estado-pe/grande-recife/recife/santo-amaro
olx_casa_23578e0034,OLX,Camaçari,Busca Vida,"Casas para alugar - Camaçari, Grande Salvador - BA",17000.0,3,120.0,ativo,2026-06-28,2026-06-28,https://www.olx.com.br/imoveis/aluguel/casas/estado-ba/grande-salvador/grande-salvador/camacari
olx_casa_3b1b17b859,OLX,Camaçari,Busca Vida,"Casas com 2 quartos para alugar - Camaçari, Grande Salvador - BA",5500.0,3,120.0,ativo,2026-06-28,2026-06-28,https://www.olx.com.br/imoveis/aluguel/casas/2-quartos/estado-ba/grande-salvador/grande-salvador/camacari
olx_casa_1369f00d2e,OLX,Camaçari,Jauá,"""aluguel de casas em jauá com piscina"" - Casas para alugar no Brasil",350.0,3,120.0,ativo,2026-06-28,2026-06-28,https://www.olx.com.br/anuncios/aluguel-de-casas-em-jaua-com-piscina
olx_casa_e7318998ba,OLX,Camaçari,Geral,"Casas com 3 quartos para alugar - Camaçari, Grande Salvador - BA",0.0,3,120.0,ativo,2026-06-28,2026-06-28,https://www.olx.com.br/imoveis/aluguel/casas/3-quartos/estado-ba/grande-salvador/grande-salvador/camacari
olx_casa_57efac1db4,OLX,Camaçari,Jauá,"Encontramos ""casas em jauá para alugar com piscina""",350.0,3,120.0,ativo,2026-06-28,2026-06-28,https://www.olx.com.br/anuncios/casas-em-jaua-para-alugar-com-piscina
olx_casa_b605a23ae9,OLX,Camaçari,Busca Vida,"Imóveis para alugar - Camaçari, Grande Salvador - BA",17000.0,3,120.0,ativo,2026-06-28,2026-06-28,https://www.olx.com.br/imoveis/aluguel/estado-ba/grande-salvador/grande-salvador/camacari
olx_casa_a500f3a4c4,OLX,Camaçari,Centro,"Casas com 5 ou mais quartos para alugar - Camaçari, Grande ...",6000.0,3,120.0,ativo,2026-06-28,2026-06-28,https://www.olx.com.br/imoveis/aluguel/casas/5-ou-mais-quartos/estado-ba/grande-salvador/grande-salvador/camacari
olx_casa_2581ead684,OLX,Camaçari,Geral,"Casas com 2 quartos para alugar - Camaçari, Grande Salvador - BA",500.0,3,120.0,ativo,2026-06-28,2026-06-28,https://www.olx.com.br/imoveis/aluguel/casas/2-quartos/mobiliado/estado-ba/grande-salvador/grande-salvador/camacari
olx_casa_25deceeb2e,OLX,Camaçari,Busca Vida,"Casas para alugar - Camaçari, Grande Salvador - BA",35000.0,3,120.0,ativo,2026-06-28,2026-06-28,https://www.olx.com.br/imoveis/aluguel/casas/churrasqueira/estado-ba/grande-salvador/grande-salvador/camacari
